City,Location,Total_Listings,Avg_Rent,Median_Rent,Avg_Sqft,Avg_Days_On_Market,Lat,Lon
Abu Dhabi,Abu Dhabi Gate City (Officers City),26,232922.96,220500.0,4021.77,122.15,,
Abu Dhabi,Airport Street,260,70267.22,60000.0,1526.08,105.27,24.26,55.63
Abu Dhabi,Al Aman,4,97474.75,84999.5,2407.25,121.5,24.43,54.43
Abu Dhabi,Al Bahia,165,97351.51,80000.0,3695.46,103.99,24.51,54.66
Abu Dhabi,Al Bateen,334,212862.68,150000.0,3535.17,98.1,24.32,55.02
Abu Dhabi,Al Danah,31,99354.68,90000.0,1899.81,103.42,24.49,54.37
Abu Dhabi,Al Dhafrah,2,70000.0,70000.0,950.0,106.0,24.01,52.92
Abu Dhabi,Al Falah City,53,55981.11,60000.0,2128.25,62.13,24.44,54.73
Abu Dhabi,Al Falah Street,156,75467.87,67999.5,1665.87,81.0,24.28,55.77
Abu Dhabi,Al Ghadeer,107,61214.91,50000.0,901.29,68.28,24.84,55.03
Abu Dhabi,Al Hosn,43,163929.86,85000.0,2896.6,78.42,24.47,54.36
Abu Dhabi,Al Jubail Island,19,324947.32,305000.0,3174.63,42.05,24.53,54.49
Abu Dhabi,Al Karamah,104,302720.16,190000.0,6458.68,116.86,24.47,54.37
Abu Dhabi,Al Khalidiyah,887,112418.63,95000.0,2132.42,95.87,24.47,54.35
Abu Dhabi,Al Khubeirah,17,132941.18,125000.0,2006.24,61.94,24.46,54.33
Abu Dhabi,Al Manaseer,49,112834.67,90000.0,2748.96,143.43,,
Abu Dhabi,Al Manhal,14,196357.07,180000.0,6364.14,106.71,24.46,54.37
Abu Dhabi,Al Maqtaa,45,489111.0,300000.0,7748.51,102.0,24.43,54.45
Abu Dhabi,Al Markaziya,139,165033.37,120000.0,2582.93,110.12,24.49,54.36
Abu Dhabi,Al Maryah Island,15,167239.8,135000.0,1858.13,107.73,24.5,54.39
Abu Dhabi,Al Matar,160,191959.29,210000.0,2778.84,110.6,24.44,54.44
Abu Dhabi,Al Mina,44,136931.75,130000.0,2649.27,93.41,24.49,54.6
Abu Dhabi,Al Muntazah,9,136444.33,150000.0,4051.0,112.67,24.43,54.46
Abu Dhabi,Al Muroor,499,80840.21,64900.0,1890.65,91.95,24.47,54.37
Abu Dhabi,Al Mushrif,287,135728.64,120000.0,3414.88,89.85,24.44,54.38
Abu Dhabi,Al Nahda,1,125000.0,125000.0,3500.0,77.0,24.27,54.71
Abu Dhabi,Al Nahyan,251,101613.26,65000.0,2131.64,109.23,24.46,54.39
Abu Dhabi,Al Najda Street,91,74114.22,70000.0,1462.57,96.22,24.49,54.37
Abu Dhabi,Al Nasr Street,5,93600.0,90000.0,1999.8,151.4,24.5,54.38
Abu Dhabi,Al Qurm,14,443214.29,275000.0,5689.43,84.86,24.42,54.4
Abu Dhabi,Al Raha Beach,1808,126191.78,110000.0,1700.98,92.23,24.49,54.6
Abu Dhabi,Al Raha Gardens,260,176525.14,160000.0,3545.7,96.87,24.43,54.55
Abu Dhabi,Al Rahba,235,102926.98,74500.0,4378.49,104.26,24.6,54.69
Abu Dhabi,Al Ras Al Akhdar,19,138941.37,140000.0,2656.21,118.47,24.46,54.31
Abu Dhabi,Al Rawdah,83,86744.33,75999.0,1605.75,85.9,24.42,54.45
Abu Dhabi,Al Reef,526,103871.03,100000.0,2169.3,89.22,24.47,54.66
Abu Dhabi,Al Reem Island,3668,99778.63,85002.0,1345.62,89.48,24.49,54.41
Abu Dhabi,Al Salam Street,63,77412.67,68000.0,1519.29,101.59,24.44,54.45
Abu Dhabi,Al Samha,49,105489.71,95000.0,3593.2,104.98,24.68,54.75
Abu Dhabi,Al Shahama,48,70758.33,60000.0,2697.75,103.98,24.56,54.68
Abu Dhabi,Al Shamkha,637,84370.43,60000.0,2726.6,59.56,24.39,54.71
Abu Dhabi,Al Shawamekh,100,122021.97,110000.0,5902.41,56.37,24.35,54.66
Abu Dhabi,Al Tibbiya,24,126041.58,117500.0,1953.71,124.92,,
Abu Dhabi,Al Wahdah,83,65927.63,54999.0,1666.6,57.98,24.47,54.38
Abu Dhabi,Al Wathba,3,115666.67,72000.0,5733.33,52.0,24.22,54.7
Abu Dhabi,Al Zaab,4,146250.0,170000.0,4766.0,73.0,24.47,54.36
Abu Dhabi,Al Zahiyah,42,118828.48,117450.0,1955.26,90.17,24.5,54.38
Abu Dhabi,Al Zahraa,67,146316.72,140000.0,1633.6,88.07,24.44,54.44
Abu Dhabi,Baniyas,150,101843.98,90000.0,3122.48,72.9,24.49,54.36
Abu Dhabi,Between Two Bridges (Bain Al Jessrain),66,189892.35,195000.0,5411.62,72.64,24.41,54.51
Abu Dhabi,Capital Centre,55,101532.6,103000.0,1436.36,88.04,24.42,54.44
Abu Dhabi,Corniche Area,653,117180.75,110000.0,1779.5,95.99,24.48,54.35
Abu Dhabi,Corniche Road,474,147565.32,140000.0,1992.37,100.27,24.48,54.32
Abu Dhabi,Danet Abu Dhabi,272,86555.69,84998.5,1478.93,112.15,24.43,54.44
Abu Dhabi,Defence Street,22,60681.82,53500.0,1454.36,92.32,24.48,54.38
Abu Dhabi,Diplomatic Area,1,37900.0,37900.0,560.0,24.0,,
Abu Dhabi,Eastern Road,56,130100.86,132500.0,2748.82,135.7,,
Abu Dhabi,Electra Street,215,72913.42,70000.0,1456.9,92.38,24.48,54.35
Abu Dhabi,Grand Mosque District,1,139000.0,139000.0,2477.0,121.0,,
Abu Dhabi,Hadbat Al Zaafran,9,106544.44,85000.0,2681.11,112.78,,
Abu Dhabi,Hamdan Street,322,73678.32,70000.0,1472.09,100.51,24.25,55.72
Abu Dhabi,Hydra Village,39,67102.41,65000.0,1917.23,99.64,24.55,54.7
Abu Dhabi,KIZAD,1,55000.0,55000.0,2128.0,31.0,24.69,54.74
Abu Dhabi,Khalifa City,2751,87009.27,48000.0,2567.89,91.09,24.42,54.57
Abu Dhabi,Liwa Street,3,63333.33,75000.0,1828.33,84.0,24.23,55.66
Abu Dhabi,Madinat Al Riyadh,767,96535.92,51000.0,4660.8,65.31,24.35,54.75
Abu Dhabi,Madinat Zayed,44,98795.45,76500.0,2977.36,122.7,23.65,53.7
Abu Dhabi,Madinat Zayed Western Region,8,47625.0,38000.0,1365.5,85.62,,
Abu Dhabi,Marina Village,10,544499.9,500000.0,5431.7,57.5,,
Abu Dhabi,Masdar City,194,59549.87,59499.5,800.18,97.13,24.43,54.62
Abu Dhabi,Mohammed Bin Zayed City,2054,106669.35,100000.0,3395.07,64.96,24.33,54.55
Abu Dhabi,Mussafah,34,65382.35,62500.0,1422.79,119.68,24.37,54.49
Abu Dhabi,Muwaylih,1,32000.0,32000.0,1500.0,47.0,24.63,54.8
Abu Dhabi,Nareel Island,2,900000.0,900000.0,12604.5,34.5,,
Abu Dhabi,Navy Gate,16,105499.75,117499.0,1473.12,161.69,,
Abu Dhabi,Rabdan,44,251886.27,190000.0,8055.68,84.48,24.41,54.51
Abu Dhabi,Rawdhat Abu Dhabi,269,76483.48,70000.0,1337.75,108.64,24.42,54.46
Abu Dhabi,Saadiyat Island,661,204206.17,151000.0,2050.92,92.68,24.55,54.44
Abu Dhabi,Sas Al Nakhl Village,97,166864.54,150000.0,3261.78,162.57,24.41,54.53
Abu Dhabi,Shakhbout City,495,105635.05,76999.0,4153.94,67.89,24.36,54.63
Abu Dhabi,Sheikh Khalifa Bin Zayed Street,80,89215.25,83499.5,1828.49,102.32,24.51,54.39
Abu Dhabi,Sheikh Rashid Bin Saeed Street,6,106666.67,97500.0,1910.17,128.0,24.42,54.5
Abu Dhabi,The Marina,206,255164.86,200000.0,2369.03,82.67,24.48,54.32
Abu Dhabi,Tourist Club Area (TCA),451,96330.24,74999.0,1640.92,97.42,24.5,54.38
Abu Dhabi,Yas Island,1178,166554.05,155000.0,1904.55,62.47,24.49,54.61
Abu Dhabi,Zayed City,26,202076.92,200000.0,9030.58,69.0,23.98,54.11
Abu Dhabi,Zayed Sports City,41,126814.15,125000.0,1783.54,93.78,24.42,54.45
Ajman,Ajman Downtown,112,30380.35,28000.0,1461.69,139.63,25.41,55.52
Ajman,Ajman Free Zone,9,56888.89,35000.0,12271.78,35.89,25.41,55.45
Ajman,Ajman Industrial,59,39057.58,25000.0,2818.07,154.34,25.37,55.47
Ajman,Ajman Marina,1,38000.0,38000.0,1900.0,222.0,,
Ajman,Ajman Uptown,5,44000.0,40000.0,1957.2,13.4,,
Ajman,Al Alia,44,192431.77,150000.0,4532.27,81.75,25.4,55.57
Ajman,Al Ameera Village,6,34333.33,38000.0,1238.0,77.83,25.38,55.57
Ajman,Al Amerah,21,61047.52,80000.0,2127.05,170.38,,
Ajman,Al Bahia,2,95000.0,95000.0,3607.0,128.5,,
Ajman,Al Bustan,53,28735.79,30000.0,1252.75,62.85,25.41,55.45
Ajman,Al Butain,1,25000.0,25000.0,1600.0,78.0,,
Ajman,Al Hamidiyah,150,71423.25,35000.0,5112.81,64.83,25.4,55.53
Ajman,Al Helio,122,91819.66,90000.0,3486.03,76.39,25.4,55.6
Ajman,Al Humaid City,1,16000.0,16000.0,1111.0,158.0,,
Ajman,Al Jurf,413,65360.45,30000.0,2330.79,68.77,25.4,55.5
Ajman,Al Karama Area,3,21000.0,22000.0,1033.33,284.67,,
Ajman,Al Mowaihat,507,86515.75,85000.0,3658.58,59.23,25.38,55.5
Ajman,Al Nakhil,63,35857.46,25000.0,1375.37,70.68,25.42,55.44
Ajman,Al Nuaimiya,694,32255.83,30000.0,1336.41,69.88,25.39,55.44
Ajman,Al Owan,2,44000.0,44000.0,1687.5,454.0,,
Ajman,Al Raqaib,11,160454.55,150000.0,12000.0,54.18,,
Ajman,Al Rashidiya,293,53799.97,28000.0,1340.95,81.42,25.4,55.45
Ajman,Al Rawda,642,68577.08,64000.0,3200.24,57.86,25.39,55.44
Ajman,Al Rumaila,66,40742.36,26000.0,2024.32,57.76,25.4,55.43
Ajman,Al Sawan,135,35903.59,36000.0,1401.04,120.32,25.4,55.44
Ajman,Al Tallah 1,1,120000.0,120000.0,5000.0,33.0,25.38,55.5
Ajman,Al Tallah 2,4,85000.0,80000.0,3025.0,58.0,25.37,55.51
Ajman,Al Yasmeen,636,105593.49,105000.0,3843.7,60.78,25.4,55.51
Ajman,Al Zahya,271,93804.41,95000.0,3281.71,56.65,25.41,55.6
Ajman,Al Zorah,32,210718.72,157500.0,4449.06,76.66,25.42,55.49
Ajman,Corniche Ajman,135,59095.5,47000.0,2718.12,62.28,25.4,55.43
Ajman,Emirates City,87,26568.97,26000.0,1211.67,117.17,25.39,55.57
Ajman,Emirates Lake Towers,1,22000.0,22000.0,802.0,16.0,,
Ajman,Garden City,24,32791.62,24500.0,1097.0,116.21,25.4,55.51
Ajman,Liwara 1,22,27499.91,25500.0,1007.91,113.0,,
Ajman,Liwara 2,4,36750.0,31000.0,1962.5,78.5,,
Ajman,Masfoot,2,13500.0,13500.0,619.0,184.0,24.81,56.09
Ajman,Musherief,45,74266.67,70000.0,7849.47,72.02,25.4,55.47
Ajman,New Industrial City,2,23500.0,23500.0,1100.0,272.5,,
Ajman,Sheikh Khalifa Bin Zayed Street,4,28500.0,27000.0,1487.75,45.0,25.39,55.45
Ajman,Sheikh Maktoum Bin Rashid Street,19,54105.16,60000.0,2157.26,79.37,25.41,55.5
Al Ain,Abu Krayyah,1,180000.0,180000.0,8500.0,75.0,,
Al Ain,Abu Samrah,1,26999.0,26999.0,1550.0,256.0,24.2,55.39
Al Ain,Al Agabiyya,3,43666.67,28000.0,2033.33,192.0,,
Al Ain,Al Ain Oasis Villas,1,126000.0,126000.0,3500.0,76.0,,
Al Ain,Al Bateen,13,126923.08,140000.0,4369.23,151.23,24.21,55.62
Al Ain,Al Dhahir,4,105000.0,110000.0,2975.0,53.25,24.09,55.85
Al Ain,Al Fou'ah,4,123750.0,122500.0,4125.0,150.5,24.34,55.81
Al Ain,Al Hayer,1,35000.0,35000.0,1300.0,207.0,25.23,51.46
Al Ain,Al Iqabiyyah,10,54900.0,26000.0,2314.5,187.7,24.18,55.68
Al Ain,Al Jahili,35,53285.71,50000.0,2374.49,113.11,24.21,55.75
Al Ain,Al Jimi,148,44060.81,40000.0,2033.42,95.43,24.25,55.74
Al Ain,Al Khibeesi,120,60700.0,48000.0,2582.51,125.65,24.23,55.7
Al Ain,Al Maqam,6,101666.67,90000.0,5000.0,78.83,24.19,55.63
Al Ain,Al Marakhaniya,45,88088.89,80000.0,3294.44,137.33,24.22,55.67
Al Ain,Al Masoudi,2,102500.0,102500.0,3750.0,159.0,24.32,55.76
Al Ain,Al Mutarad,53,63283.0,50000.0,2446.72,113.83,24.22,55.75
Al Ain,Al Mutaw'ah,16,53312.5,45000.0,1799.06,91.81,24.21,55.76
Al Ain,Al Muwaiji,99,46272.73,47000.0,2020.0,136.31,24.21,55.71
Al Ain,Al Oyoun Village,3,98333.33,85000.0,2824.67,28.67,,
Al Ain,Al Qattara,1,25000.0,25000.0,1111.0,17.0,24.27,55.75
Al Ain,Al Rawdah,1,120000.0,120000.0,5000.0,35.0,24.1,55.5
Al Ain,Al Rawdah Al Sharqiyah,15,91266.67,105000.0,3680.93,97.73,24.15,55.66
Al Ain,Al Sarouj,26,66500.0,55000.0,3012.08,97.69,24.2,55.8
Al Ain,Al Sidrah,5,53800.0,35000.0,2350.2,168.2,24.22,55.69
Al Ain,Al Sorooj,2,65500.0,65500.0,1895.0,134.0,,
Al Ain,Al Tiwayya,42,113809.52,120000.0,4394.5,124.33,24.25,55.7
Al Ain,Al Yahar,8,127875.0,135000.0,4886.0,77.0,24.22,55.54
Al Ain,Asharij,136,43845.59,35000.0,1888.49,133.42,24.2,55.67
Al Ain,Central District,93,40849.46,40000.0,1909.32,94.43,24.22,55.77
Al Ain,Falaj Hazzaa,28,118214.29,120000.0,4506.93,148.07,24.19,55.72
Al Ain,Ghnaymah,1,170000.0,170000.0,18000.0,171.0,24.15,55.62
Al Ain,Hili,37,63378.38,40000.0,2413.86,87.92,24.3,55.78
Al Ain,Neima,8,155000.0,135000.0,4225.0,119.25,24.15,55.66
Al Ain,Sheibat Al Watah,7,147857.14,150000.0,4642.86,94.14,,
Al Ain,Shiab Al Ashkhar,23,107173.91,95000.0,4092.39,87.7,24.16,55.73
Al Ain,Um Ghafah,1,125000.0,125000.0,41705.0,52.0,24.09,55.91
Al Ain,Zakhir,41,102024.39,105000.0,4518.49,91.93,24.13,55.68
Dubai,Al Awir,38,230815.71,230000.0,10842.32,72.0,25.18,55.57
Dubai,Al Badaa,7,320571.14,300000.0,7316.29,82.14,25.22,55.28
Dubai,Al Barari,66,893757.36,875000.0,6149.26,74.94,25.12,55.32
Dubai,Al Barsha,421,360152.76,170000.0,5939.11,56.48,25.1,55.2
Dubai,Al Furjan,431,132250.86,73000.0,1665.83,55.23,25.03,55.15
Dubai,Al Garhoud,20,203699.95,229999.5,3589.2,38.7,25.24,55.35
Dubai,Al Hebiah 2,1,790000.0,790000.0,5543.0,67.0,25.04,55.25
Dubai,Al Hudaiba,5,150400.0,95000.0,2565.6,99.8,25.24,55.28
Dubai,Al Jaddaf,325,93755.81,80000.0,898.84,57.99,25.21,55.32
Dubai,Al Jafiliya,6,244166.67,290000.0,10155.5,73.67,25.24,55.29
Dubai,Al Karama,26,63076.92,70000.0,850.65,49.77,25.24,55.3
Dubai,Al Khawaneej,45,353088.76,300000.0,11918.47,80.51,25.24,55.51
Dubai,Al Lisaili,1,28000.0,28000.0,588.0,130.0,24.93,55.47
Dubai,Al Mamzar,34,185529.35,73500.0,2658.94,47.94,25.3,55.36
Dubai,Al Manara,17,460117.65,310000.0,7578.29,47.88,25.14,55.21
Dubai,Al Mizhar,26,320384.54,322500.0,14305.81,65.54,25.25,55.45
Dubai,Al Nahda (Dubai),185,55325.58,53000.0,1016.23,48.19,25.29,55.37
Dubai,Al Quoz,54,215759.15,65000.0,4736.85,95.85,25.12,55.24
Dubai,Al Qusais,50,58393.96,51000.0,1129.3,111.52,25.27,55.39
Dubai,Al Safa,22,405590.77,349999.5,5491.14,59.09,25.17,55.23
Dubai,Al Satwa,197,111283.59,93000.0,1224.63,38.88,25.22,55.27
Dubai,Al Sufouh,94,177478.53,120000.0,1457.97,61.62,25.11,55.17
Dubai,Al Twar,7,649999.86,300000.0,8186.86,60.86,25.26,55.38
Dubai,Al Warqaa,143,114572.47,63999.0,2994.33,43.8,25.18,55.45
Dubai,Al Warsan,3,45666.67,45000.0,798.0,42.67,25.16,55.41
Dubai,Al Wasl,77,283667.49,280000.0,2093.1,72.99,25.2,55.26
Dubai,Arabian Ranches,178,390898.84,350000.0,4921.03,71.06,25.05,55.27
Dubai,Arabian Ranches 2,234,344230.68,340000.0,4336.64,85.89,25.04,55.27
Dubai,Arabian Ranches 3,173,176754.29,165000.0,2087.92,82.4,25.07,55.32
Dubai,Arjan,553,69091.84,69997.0,733.08,52.19,25.06,55.24
Dubai,Barsha Heights (Tecom),158,107525.75,98495.0,1011.94,68.92,25.1,55.18
Dubai,Bluewaters Island,192,622837.91,527500.0,1856.23,96.86,25.08,55.12
Dubai,Bukadra,4,115000.0,115000.0,1672.0,22.5,25.18,55.33
Dubai,Bur Dubai,391,121082.17,92500.0,1281.17,64.73,25.24,55.3
Dubai,Business Bay,2152,134948.55,120000.0,1005.58,62.19,25.19,55.26
Dubai,City of Arabia,3,68333.33,80000.0,1203.0,22.67,25.09,55.34
Dubai,Culture Village,77,341298.57,260000.0,2421.39,68.26,25.23,55.34
Dubai,DAMAC Hills,540,211029.59,185000.0,2240.84,62.14,25.03,55.26
Dubai,DAMAC Hills 2 (Akoya by DAMAC),369,107681.62,105000.0,1771.1,54.82,24.99,55.37
Dubai,DIFC,179,154220.63,135000.0,1255.06,52.45,25.21,55.28
Dubai,Deira,220,138303.47,85000.0,1902.35,72.65,25.27,55.31
Dubai,Discovery Gardens,126,56315.02,52000.0,710.41,59.36,25.04,55.15
Dubai,Downtown Dubai,3003,264165.52,218000.0,1289.09,69.42,25.19,55.27
Dubai,Dubai Creek Harbour,1736,190425.29,170000.0,1142.42,77.06,25.2,55.36
Dubai,Dubai Festival City,31,191651.23,160000.0,1795.0,69.65,25.22,55.35
Dubai,Dubai Harbour,460,273783.31,249999.5,1176.68,76.6,25.1,55.14
Dubai,Dubai Hills Estate,1070,275921.58,170000.0,2018.27,56.46,25.11,55.26
Dubai,Dubai Industrial City,18,67077.56,75000.0,1147.83,49.22,24.84,55.07
Dubai,Dubai Internet City,14,358948.07,129713.0,2187.14,168.64,25.1,55.16
Dubai,Dubai Investment Park (DIP),39,1474199.82,65000.0,4481.9,58.64,24.99,55.18
Dubai,Dubai Marina,2600,200314.44,160000.0,1438.57,65.43,25.08,55.14
Dubai,Dubai Maritime City,7,174285.71,200000.0,1354.57,66.57,25.26,55.27
Dubai,Dubai Media City,70,254407.1,220000.0,1616.1,76.07,25.09,55.15
Dubai,Dubai Production City (IMPZ),148,69129.05,70000.0,766.39,53.74,25.02,55.19
Dubai,Dubai Residence Complex,214,50088.38,44450.0,646.43,45.22,25.09,55.38
Dubai,Dubai Science Park,31,110560.84,80000.0,1080.03,43.65,,
Dubai,Dubai Silicon Oasis (DSO),428,66270.87,58000.0,956.98,46.08,25.12,55.39
Dubai,Dubai South,570,107779.64,99999.0,1751.75,62.18,24.91,55.16
Dubai,Dubai Sports City,355,106255.45,62999.0,1244.77,59.57,25.03,55.22
Dubai,Dubai Studio City,133,57773.51,50000.0,509.99,47.17,25.04,55.25
Dubai,Dubai Waterfront,13,151192.31,190000.0,5236.08,44.23,24.94,55.0
Dubai,Dubailand,742,182950.24,180000.0,2531.63,71.92,25.06,55.25
Dubai,Emirates Hills,27,2147740.15,2499000.0,16381.7,73.59,25.07,55.17
Dubai,Expo City,60,86449.98,90000.0,1024.48,62.23,24.96,55.16
Dubai,Falcon City of Wonders,31,366774.1,300000.0,6871.94,91.06,25.1,55.34
Dubai,Green Community,27,285037.04,320000.0,4991.04,67.85,25.01,55.16
Dubai,Hadaeq Sheikh Mohammed Bin Rashid,4,272500.0,275000.0,2453.25,60.5,25.12,55.27
Dubai,International City,322,58123.51,38000.0,1090.55,101.76,25.13,55.4
Dubai,Jebel Ali,38,214051.84,65000.0,1533.26,53.18,24.98,55.09
Dubai,Jumeirah,367,485517.06,350000.0,4219.38,71.14,25.21,55.25
Dubai,Jumeirah Beach Residence (JBR),920,277453.85,204444.0,1531.68,69.63,25.08,55.14
Dubai,Jumeirah Golf Estates,96,634864.43,450000.0,4589.46,62.78,25.02,55.2
Dubai,Jumeirah Heights,14,241785.64,232500.0,2396.43,49.0,25.07,55.15
Dubai,Jumeirah Islands,68,1327426.44,1000000.0,7184.4,85.06,25.06,55.16
Dubai,Jumeirah Lake Towers (JLT),598,130347.46,110000.0,1078.33,59.74,25.07,55.14
Dubai,Jumeirah Park,257,420676.59,390000.0,5180.06,62.24,25.05,55.15
Dubai,Jumeirah Village Circle (JVC),3117,91642.81,79999.0,968.81,54.42,25.06,55.21
Dubai,Jumeirah Village Triangle (JVT),110,162974.07,130000.0,4091.19,51.44,25.05,55.19
Dubai,Knowledge Village,1,1859550.0,1859550.0,11270.0,81.0,25.1,55.16
Dubai,Living Legends,34,255082.0,297500.0,6410.53,62.85,25.09,55.3
Dubai,Liwan,112,120508.74,56000.0,1195.68,48.04,25.11,55.37
Dubai,Liwan 2,28,55367.86,53500.0,781.04,38.68,25.11,55.37
Dubai,Majan,53,52543.26,44000.0,693.94,52.11,25.09,55.32
Dubai,Meydan City,1609,91568.08,64500.0,784.09,49.61,25.15,55.29
Dubai,Mirdif,205,137048.7,130000.0,3553.54,56.92,25.22,55.42
Dubai,Mohammed Bin Rashid City,890,272541.27,200000.0,2025.35,60.27,25.16,55.29
Dubai,Motor City,74,100229.72,75000.0,1278.74,52.58,25.05,55.24
Dubai,Mudon,109,215205.92,210000.0,2668.82,56.46,25.02,55.27
Dubai,Muhaisnah,34,110731.5,78500.0,2890.0,81.12,25.26,55.42
Dubai,Nad Al Hamar,31,101416.81,69000.0,2549.26,51.61,25.24,55.38
Dubai,Nad Al Sheba,128,491210.7,297000.0,8643.69,88.22,25.15,55.36
Dubai,Oud Al Muteena,1,79999.0,79999.0,1500.0,73.0,25.27,55.45
Dubai,Palm Jumeirah,1614,546264.88,250000.0,2830.45,73.56,25.11,55.13
Dubai,Pearl Jumeirah,7,454285.71,420000.0,3122.57,96.29,25.24,55.26
Dubai,Ras Al Khor,4,82000.0,75000.0,1083.25,83.75,25.19,55.34
Dubai,Reem,227,183365.58,185000.0,2684.58,64.64,25.03,55.28
Dubai,Remraam,44,60261.16,55000.0,748.2,48.7,25.0,55.25
Dubai,Serena,79,161390.97,160000.0,2187.76,56.04,25.04,55.29
Dubai,Sheikh Zayed Road,262,169941.19,140000.0,1393.19,58.52,25.22,55.28
Dubai,Sobha Hartland,409,141673.83,115000.0,981.74,64.15,25.18,55.31
Dubai,The Gardens,26,71230.77,67500.0,812.92,270.5,25.04,55.13
Dubai,The Greens,76,108124.95,96000.0,926.92,49.33,25.09,55.17
Dubai,The Hills,31,280935.48,280000.0,1682.68,46.74,25.08,55.16
Dubai,The Lakes,47,474680.7,340000.0,4909.87,78.68,25.08,55.17
Dubai,The Meadows,132,516765.09,425000.0,5463.14,67.96,25.07,55.16
Dubai,The Springs,272,243615.74,240000.0,2747.38,67.28,25.06,55.18
Dubai,The Sustainable City,16,320937.5,310000.0,3364.75,62.81,25.03,55.28
Dubai,The Valley,129,154286.75,150000.0,2057.84,49.17,25.02,55.45
Dubai,The Views,172,140482.05,125000.0,1218.16,41.35,25.09,55.17
Dubai,The Villa,96,398832.02,344500.0,6842.65,66.74,25.08,55.36
Dubai,Tilal Al Ghaf,207,332090.28,250000.0,3096.45,90.61,25.02,55.22
Dubai,Town Square,590,139172.5,145000.0,2023.79,56.42,25.01,55.29
Dubai,Umm Al Sheif,6,457500.0,352500.0,9457.83,77.0,25.13,55.2
Dubai,Umm Ramool,1,115000.0,115000.0,1281.0,30.0,25.23,55.37
Dubai,Umm Suqeim,385,309291.82,280000.0,3548.81,76.17,25.16,55.21
Dubai,Wadi Al Safa 2,1,330000.0,330000.0,5944.0,27.0,25.1,55.35
Dubai,Wadi Al Shabak,9,280000.0,250000.0,9838.67,76.33,25.18,55.48
Dubai,Wasl Gate,38,88722.34,80000.0,846.47,62.45,25.03,55.11
Dubai,World Trade Centre,27,235259.07,190000.0,2056.11,84.0,25.22,55.29
Dubai,Za'abeel,446,263339.77,217450.0,1705.35,71.06,25.22,55.3
Fujairah,Address Fujairah Beach Resort,2,157500.0,157500.0,5393.0,153.0,25.48,56.36
Fujairah,Al Dana Island,2,139999.5,139999.5,5395.0,162.0,,
Fujairah,Al Faseel Area,8,86250.0,85000.0,2809.88,153.12,,
Fujairah,Dibba,1,32000.0,32000.0,1937.0,396.0,25.6,56.28
Fujairah,Fujairah Freezone,2,22000.0,22000.0,625.0,190.5,25.17,56.35
Fujairah,Fujairah Tower,2,50500.0,50500.0,1517.0,261.0,25.12,56.33
Fujairah,Gurfah Area,1,34000.0,34000.0,1345.0,261.0,,
Fujairah,Hamad Bin Abdullah Road,3,38333.33,40000.0,1427.0,172.33,,
Fujairah,Merashid Area,2,26000.0,26000.0,1150.0,137.0,,
Fujairah,Mina Al Fajer,1,155000.0,155000.0,4046.0,361.0,,
Fujairah,Mirbah,1,110000.0,110000.0,3230.0,54.0,25.28,56.36
Fujairah,Sakamkam,1,30000.0,30000.0,1224.0,54.0,25.16,56.34
Fujairah,Tawyeen,1,29000.0,29000.0,500.0,31.0,25.55,56.08
Ras Al Khaimah,Al Defan,1,45000.0,45000.0,5000.0,133.0,,
Ras Al Khaimah,Al Dhait,37,119405.41,90000.0,8911.92,122.89,25.75,55.93
Ras Al Khaimah,Al Ghubb,5,63400.0,62000.0,6232.0,138.6,25.81,56.0
Ras Al Khaimah,Al Hamra Village,229,96026.54,75000.0,2021.76,80.38,25.7,55.78
Ras Al Khaimah,Al Jazeera - Nad Al Salla,2,82500.0,82500.0,3000.0,80.5,,
Ras Al Khaimah,Al Juwais,12,40916.58,29500.0,2030.83,96.08,,
Ras Al Khaimah,Al Kharran,1,80000.0,80000.0,6000.0,45.0,25.73,55.97
Ras Al Khaimah,Al Mairid,32,43378.12,43000.0,1248.19,96.44,25.81,55.96
Ras Al Khaimah,Al Mamourah,5,30000.0,30000.0,1379.8,131.6,,
Ras Al Khaimah,Al Marjan Island,149,57516.09,55000.0,885.87,73.83,25.68,55.74
Ras Al Khaimah,Al Nakheel,20,23025.0,21000.0,822.75,172.85,25.8,55.97
Ras Al Khaimah,Al Nudood,2,41500.0,41500.0,4198.5,115.5,25.83,55.98
Ras Al Khaimah,Al Qurm,8,35575.0,19800.0,983.75,165.25,25.92,56.05
Ras Al Khaimah,Al Qusaidat,5,40000.0,55000.0,5421.4,199.2,25.75,55.99
Ras Al Khaimah,Al Rams,1,55000.0,55000.0,3000.0,166.0,25.87,56.01
Ras Al Khaimah,Al Refaa,13,89307.69,60000.0,9390.77,114.15,,
Ras Al Khaimah,Al Seer,42,28483.31,24600.0,898.36,108.4,25.8,55.98
Ras Al Khaimah,Al Sharisha,1,23000.0,23000.0,2000.0,96.0,25.83,56.0
Ras Al Khaimah,Al Uraibi,8,85375.0,49000.0,8364.88,168.62,25.78,55.98
Ras Al Khaimah,Aljazeera Al Hamra,25,151840.0,175000.0,4036.88,146.0,,
Ras Al Khaimah,Cornich Ras Al Khaimah,6,32000.0,26500.0,1225.0,113.33,,
Ras Al Khaimah,Dafan Al Khor,2,20000.0,20000.0,543.5,105.5,25.77,55.93
Ras Al Khaimah,Dafan Al Nakheel,19,60570.53,62000.0,1978.32,52.68,25.8,55.97
Ras Al Khaimah,Dahan,3,22333.33,22000.0,1866.67,77.33,25.78,55.93
Ras Al Khaimah,Julfar,3,95000.0,95000.0,10000.0,161.67,25.79,55.96
Ras Al Khaimah,Khuzam,28,60178.54,60000.0,2937.71,103.54,25.75,55.92
Ras Al Khaimah,Mina Al Arab,90,116607.76,120000.0,2289.52,84.63,25.72,55.84
Ras Al Khaimah,Rak City,2,28500.0,28500.0,1951.0,246.5,25.8,55.95
Ras Al Khaimah,Ras Al Khaimah Gateway,1,45000.0,45000.0,3200.0,486.0,,
Ras Al Khaimah,Ras Al Selaab,2,33180.0,33180.0,1694.5,47.5,,
Ras Al Khaimah,Seih Al Burairat,13,76923.08,70000.0,3614.38,66.85,,
Ras Al Khaimah,Seih Al Hudaibah,1,165000.0,165000.0,5000.0,39.0,,
Ras Al Khaimah,Seih Al Qusaidat,4,67000.0,71000.0,2011.5,144.75,,
Ras Al Khaimah,Seih Al Uraibi,3,65333.33,40000.0,4466.67,126.67,25.78,56.0
Ras Al Khaimah,Shamal,1,45000.0,45000.0,5000.0,125.0,,
Ras Al Khaimah,Shamal Julphar,4,21000.0,21000.0,1816.0,187.5,,
Ras Al Khaimah,Sidroh,2,28500.0,28500.0,1526.5,107.0,25.79,55.94
Ras Al Khaimah,The Cove Rotana Resort,6,133500.0,135000.0,2184.17,39.17,25.74,55.89
Ras Al Khaimah,Wadi Ammar,2,20000.0,20000.0,1100.0,110.5,25.83,56.0
Ras Al Khaimah,Yasmin Village,26,37564.62,36000.0,1713.12,100.81,25.74,55.99
Sharjah,Abu Shagara,207,28390.66,28999.0,1224.57,72.09,25.34,55.4
Sharjah,Al Abar,3,121663.0,134990.0,5500.0,104.0,25.35,55.43
Sharjah,Al Azra,27,133740.7,120000.0,8537.04,58.07,,
Sharjah,Al Bataeh,1,16000.0,16000.0,700.0,113.0,25.27,55.73
Sharjah,Al Darari,3,118333.33,100000.0,8500.0,68.0,25.33,55.44
Sharjah,Al Dhaid,4,30749.75,20999.5,2025.0,95.0,25.28,55.88
Sharjah,Al Falaj,15,146199.93,170000.0,6171.4,71.6,25.36,55.44
Sharjah,Al Fayha,6,78333.33,85000.0,3533.33,59.5,25.35,55.4
Sharjah,Al Fisht,20,102448.95,105000.0,4620.0,48.95,25.38,55.41
Sharjah,Al Ghafia,9,107222.22,120000.0,6655.56,56.22,25.34,55.39
Sharjah,Al Gharayen,20,136000.0,130000.0,14525.0,62.75,,
Sharjah,Al Gharb,1,24000.0,24000.0,1200.0,19.0,25.36,55.39
Sharjah,Al Ghubaiba,2,100000.0,100000.0,6200.0,107.0,25.35,55.41
Sharjah,Al Ghuwair,25,21239.88,20000.0,843.16,107.36,25.35,55.39
Sharjah,Al Goaz,10,138000.0,147500.0,10450.0,64.4,,
Sharjah,Al Hazannah,6,64500.0,65000.0,4940.0,52.67,,
Sharjah,Al Heerah Suburb,1,145000.0,145000.0,6000.0,129.0,,
Sharjah,Al Homah,2,62500.0,62500.0,8000.0,35.5,,
Sharjah,Al Jazzat,18,97222.22,77500.0,8031.28,113.28,25.36,55.43
Sharjah,Al Jubail,10,34100.0,23500.0,1299.0,406.8,25.35,55.38
Sharjah,Al Juraina,1,160000.0,160000.0,8500.0,14.0,25.29,55.49
Sharjah,Al Khaledia Suburb,1,100000.0,100000.0,8000.0,239.0,,
Sharjah,Al Khan,553,66894.24,55000.0,1370.41,101.95,25.32,55.36
Sharjah,Al Khezamia,11,87272.73,100000.0,6945.45,66.45,,
Sharjah,Al Mahatah,69,27810.2,26000.0,1248.62,73.19,25.35,55.39
Sharjah,Al Majaz,619,59235.72,50000.0,1985.79,86.2,25.33,55.39
Sharjah,Al Mamzar,137,60045.65,57000.0,1621.77,82.55,25.31,55.37
Sharjah,Al Manakh,2,24000.0,24000.0,1050.0,109.0,25.35,55.4
Sharjah,Al Mansoura,2,102500.0,102500.0,4000.0,38.5,25.35,55.39
Sharjah,Al Mareija,31,27870.97,28000.0,1222.65,117.68,25.36,55.38
Sharjah,Al Mirgab,4,102500.0,102500.0,6775.0,52.75,25.39,55.42
Sharjah,Al Mujarrah,50,17249.18,16999.5,688.5,97.24,25.37,55.39
Sharjah,Al Muntazah,4,77500.0,75000.0,3750.0,101.5,24.43,54.44
Sharjah,Al Musalla,20,21399.85,20999.5,856.6,254.45,25.33,56.35
Sharjah,Al Nabba,76,18855.2,20000.0,776.28,106.17,25.36,55.4
Sharjah,Al Nahda (Sharjah),997,35505.59,33000.0,1149.03,109.99,25.3,55.37
Sharjah,Al Nasserya,19,37263.16,40000.0,1369.26,124.95,25.37,55.41
Sharjah,Al Nekhailat,12,82416.67,85000.0,4790.58,67.08,25.38,55.43
Sharjah,Al Noaf,7,112142.71,100000.0,18142.86,55.43,25.28,55.51
Sharjah,Al Qadisiya,5,79000.0,75000.0,5200.0,71.6,,
Sharjah,Al Qasba,118,71026.83,71000.0,1669.16,64.06,25.32,55.38
Sharjah,Al Qasimia,372,28306.26,26999.0,1245.09,89.41,25.35,55.4
Sharjah,Al Qulayaah,23,44217.3,35000.0,1369.48,77.35,,
Sharjah,Al Rahmaniya,75,126199.56,124999.0,9374.29,53.97,25.33,55.58
Sharjah,Al Ramaqiya,11,138636.36,125000.0,11499.82,53.64,25.36,55.46
Sharjah,Al Ramla,7,127857.14,150000.0,10357.29,72.29,25.36,55.42
Sharjah,Al Ramtha,19,144473.16,130000.0,10781.53,80.21,25.33,55.4
Sharjah,Al Rifa,1,75000.0,75000.0,12000.0,47.0,25.33,55.46
Sharjah,Al Rifah,7,101712.71,77000.0,3957.14,81.0,,
Sharjah,Al Riqaibah,1,180000.0,180000.0,10000.0,64.0,25.23,55.6
Sharjah,Al Riqqa Suburb,2,95000.0,95000.0,7250.0,125.0,25.36,55.44
Sharjah,Al Sabkha,2,57500.0,57500.0,4250.0,23.0,25.38,55.43
Sharjah,Al Sajaa,2,16500.0,16500.0,475.0,1015.0,25.32,55.62
Sharjah,Al Sajaa Industrial,2,26500.0,26500.0,600.0,123.5,25.31,55.64
Sharjah,Al Shahba,1,85000.0,85000.0,8000.0,563.0,25.33,55.43
Sharjah,Al Sharq,8,80121.12,63985.0,3293.5,128.62,25.37,55.4
Sharjah,Al Shuwaihean,38,29670.26,23500.0,1036.32,134.79,,
Sharjah,Al Soor,20,37549.9,33000.0,1429.5,102.05,25.35,55.39
Sharjah,Al Suyoh,19,179502.95,150000.0,14331.58,85.63,,
Sharjah,Al Taawun,913,40116.4,38999.0,1371.8,71.56,25.31,55.37
Sharjah,Al Tai,140,109595.44,95000.0,3210.28,69.57,15.18,43.35
Sharjah,Al Talae,3,68333.33,55000.0,8000.0,59.0,,
Sharjah,Al Tay East,3,184999.67,159999.0,7666.67,56.67,25.22,55.61
Sharjah,Al Wahda Street,15,33333.27,32000.0,1390.33,182.87,25.03,56.35
Sharjah,Al Yarmook,9,16111.11,15000.0,611.11,59.11,25.35,55.4
Sharjah,Al Yash,1,125000.0,125000.0,5000.0,129.0,25.38,55.42
Sharjah,Aljada,717,49518.62,41000.0,840.55,73.19,25.32,55.48
Sharjah,Barashi,39,124256.0,130000.0,8452.87,56.18,25.29,55.58
Sharjah,Bu Daniq,25,28918.92,27999.0,1308.64,95.72,,
Sharjah,Bu Tina,74,20364.59,20000.0,892.58,104.34,25.37,55.4
Sharjah,Corniche Al Buhaira,5,99980.0,95000.0,2446.0,62.4,,
Sharjah,Dasman,6,413333.33,500000.0,29333.33,90.67,25.35,55.41
Sharjah,Dibba Al Hesn,3,27333.33,25000.0,1366.67,306.33,,
Sharjah,Halwan Suburb,4,130000.0,130000.0,12250.0,34.25,,
Sharjah,Hamriyah Free Zone,3,11333.33,12000.0,633.33,306.0,,
Sharjah,Hoshi,78,138652.35,137499.5,6181.65,80.27,25.26,55.54
Sharjah,Industrial Area,46,30259.83,27000.0,1025.33,118.89,25.06,56.35
Sharjah,Kalba,1,26000.0,26000.0,1200.0,90.0,25.05,56.35
Sharjah,Khor Fakkan,2,34500.0,34500.0,1000.0,229.0,25.35,56.35
Sharjah,Maysaloon,3,21666.67,13000.0,1449.67,113.0,25.36,55.4
Sharjah,Muwafjah,3,146666.67,135000.0,19000.0,54.0,,
Sharjah,Muwaileh,1378,47033.45,40000.0,907.21,53.47,25.3,55.44
Sharjah,Muwailih Commercial,2055,31013.14,30000.0,949.52,40.53,25.3,55.44
Sharjah,Rolla Area,65,19460.88,19000.0,862.35,167.43,25.36,55.39
Sharjah,Samnan,9,183888.89,180000.0,8317.56,36.11,25.33,55.42
Sharjah,Sharjah Garden City,5,94700.0,140000.0,4189.8,82.6,,
Sharjah,Sharjah University City,4,36999.75,36000.0,1045.0,41.5,25.33,55.42
Sharjah,Sharjah Waterfront City,22,49022.36,39999.0,1090.82,155.05,,
Sharjah,Sharqan,52,118941.44,112500.0,6696.25,78.29,25.38,55.41
Sharjah,Tilal City,84,112296.23,109999.5,2970.94,72.57,25.26,55.58
Sharjah,Turrfa,1,95000.0,95000.0,6500.0,31.0,,
Sharjah,Turrfana,3,120000.0,100000.0,5500.0,16.33,,
Sharjah,Um Tarafa,3,17666.67,18000.0,772.0,168.0,25.35,55.39
Sharjah,Wasit Suburb,4,111250.0,105000.0,11761.75,51.0,,
Umm Al Quwain,Al Abraq 1,1,60000.0,60000.0,1712.0,202.0,25.49,55.56
Umm Al Quwain,Al Butain,1,36000.0,36000.0,2400.0,75.0,25.54,55.54
Umm Al Quwain,Al Dar Al Baida,1,25000.0,25000.0,2500.0,71.0,,
Umm Al Quwain,Al Hawiyah,1,15000.0,15000.0,750.0,291.0,25.58,55.56
Umm Al Quwain,Al Humrah,2,29000.0,29000.0,2950.0,134.0,25.54,55.55
Umm Al Quwain,Al Maqtaa,9,40000.0,37000.0,1018.78,158.56,,
Umm Al Quwain,Al Qarayen,3,150000.0,150000.0,18000.0,22.0,25.49,55.61
Umm Al Quwain,Al Ramlah,7,36571.43,25000.0,2414.43,120.43,25.51,55.58
Umm Al Quwain,Al Rass,5,22400.0,16000.0,780.0,108.8,,
Umm Al Quwain,Al Raudah,1,12000.0,12000.0,450.0,248.0,,
Umm Al Quwain,Al Salam City,2,97500.0,97500.0,4954.0,49.5,,
Umm Al Quwain,Al Salamah,9,42666.67,42000.0,2390.89,94.33,25.49,55.58
Umm Al Quwain,Emirates Modern Industrial Area,5,16400.0,16000.0,530.0,183.0,,
Umm Al Quwain,Industrial Area,1,17000.0,17000.0,700.0,531.0,25.5,55.55
Umm Al Quwain,Johar,1,50000.0,50000.0,1098.0,180.0,,
Umm Al Quwain,Khalifah City,3,128666.67,160000.0,5500.0,94.33,,
Umm Al Quwain,King Faisal Street,8,31000.0,24000.0,1150.0,92.25,,
Umm Al Quwain,Old Town Area,1,35000.0,35000.0,2600.0,33.0,25.59,55.58
Umm Al Quwain,Umm Al Quwain Marina,4,39750.0,20000.0,1527.25,73.0,25.53,55.61
